name,website,email,phone,location_link,raw_text
Gautam M. And Associates,,,984-9940340,https://maps.app.goo.gl/F4LQ5esjYxRjjGPQ7,"Gautam M. And Associates
5.0
Chartered accountant Â· Chowk Rastra Bank Rd
Open Â· Closes 5â€¯PM Â· 984-99"
Expert Accounting & VaTax Centre Pvt. Ltd,,,986-7663185,https://maps.app.goo.gl/V7m2Syd9Kia9JmdT6,"Expert Accounting & VaTax Centre Pvt. Ltd
5.0
Accounting firm Â· 6X4F+M99
986-7663185
î”®
Directions"
P & P Consultancy,,,984-6772419,https://maps.app.goo.gl/Tv7wFUaGgikmtZTx6,"P & P Consultancy
No reviews
Accounting firm Â· Milan chowk
984-6772419
î”®
Directions"
"Sarbesh & Associates, Chartered Accountants",,,984-3496806,https://maps.app.goo.gl/JfnKjuvAoU8KtJwL7,"Sarbesh & Associates, Chartered Accountants
5.0
Accounting firm Â· Way to Ratna Chowk, Sugam Marga
Op"
"L. ADHIKARI & ASSOCIATES,CHARTERED ACCOUNTANTS",http://l.adhikari.com.np/,,985-6036906,https://maps.app.goo.gl/uaLQTSYYswWNu2xj9,"L. ADHIKARI & ASSOCIATES,CHARTERED ACCOUNTANTS
5.0
Auditor Â· m below Janapriya School and Opposite o"
Saathi Management Services Pvt.Ltd,,,984-6119165,https://maps.app.goo.gl/MnFaYysHSXWezhEi8,"Saathi Management Services Pvt.Ltd
5.0
Business management consultant Â· 6X2C+7F7, Rastra Bank Rd
Ope"
"A. Lamichhane & Associates, Chartered Accountants, CA",https://www.facebook.com/alamichhane.ca/,info.alamichhane@gmail.com,061-581901,https://maps.app.goo.gl/WGdxub4TQTsXUrjx8,"A. Lamichhane & Associates, Chartered Accountants, CA
4.8
Chartered accountant Â· Ganeshman Sinha Maa"
GAAP Business Consultancy Services Pvt. Ltd.,,,986-0738604,https://maps.app.goo.gl/4g5vgU5t75qkyvvi8,"GAAP Business Consultancy Services Pvt. Ltd.
No reviews
Accounting firm Â· 6X4F+QC7
Open Â· Closes 6â€¯P"
Supa accounting and business solution pvt ltd,,,061-590707,https://maps.app.goo.gl/Y6atEutTrp6GqYvz5,"Supa accounting and business solution pvt ltd
3.0
Accounting firm Â· 5XRM+52G, Pardi Bazaar
Open Â· Cl"
Business Basket Pvt Ltd.,http://www.businessbasket.com.np/,info@businessbasket.com.np,985-6081265,https://maps.app.goo.gl/ncpyE9t6eEeWpHhq7,"Business Basket Pvt Ltd.
4.6
Accounting firm Â· ï•Š Â· srijanachowk-08, Pokhara (In opposite to Metrocit"
Supa Accounting Business Solution Pvt. Ltd.,,,,https://maps.app.goo.gl/CBQBNtuygd95JUbw5,"Supa Accounting Business Solution Pvt. Ltd.
No reviews
Accounting firm Â· Way to Ratna Chowk, Sugam M"
Sanjay Karki & Associates,http://auditorinpokhara.com.np/,,985-6085252,https://maps.app.goo.gl/BsRtgsiAtkbPApGv6,"Sanjay Karki & Associates
5.0
Auditor Â· Prithvi Chok
Open Â· Closes 5â€¯PM Â· 985-6085252
î ‹
Website
î”®
Di"
S.S. Business Solutions Pvt.Ltd.,,,061-524418,https://maps.app.goo.gl/k5hwr1AWmepzhz17A,"S.S. Business Solutions Pvt.Ltd.
5.0
Tax preparation service Â· 6X4F+QC7
Open now Â· 061-524418
î”®
Dire"
Barahi Accounting and Business Solution Pvt.Ltd,,,061-590985,https://maps.app.goo.gl/gjXaB4mLiY2gxg9n8,"Barahi Accounting and Business Solution Pvt.Ltd
5.0
Business development service
Open Â· Closes 6â€¯PM "
A Lamsal & associates,,,985-6085353,https://maps.app.goo.gl/zBcrb6dfDPBhz69i9,"A Lamsal & associates
5.0
Auditor Â· Prithvichowk
Open Â· Closes 5:30â€¯PM Â· 985-6085353
î”®
Directions"
Katila & Company,,,061-525860,https://maps.app.goo.gl/s31ysTmPbcwPHKD39,"Katila & Company
5.0
Accounting firm Â· Tersapatti Rd
Open Â· Closes 5â€¯PM Â· 061-525860
î”®
Directions"
Karma Sewa Online Services,,,985-6081915,https://maps.app.goo.gl/h8u7Z3ETNkUYEFDWA,"Karma Sewa Online Services
No reviews
Accounting firm Â· Milan chowk Marga Next to Provincial Governm"
Account World Pvt. Ltd,,,985-6010326,https://maps.app.goo.gl/8tz8R2akau9AWD4c7,"Account World Pvt. Ltd
No reviews
Accounting firm Â· New Rd
Open Â· Closes 6â€¯PM Â· 985-6010326
î”®
Direct"
P.A.L.S. Consultancy,,,986-9764444,https://maps.app.goo.gl/U1qYVPQMt9K9fUHZ7,"P.A.L.S. Consultancy
5.0
Accounting firm Â· 41.1, Dharmasthali Marg, Parsyang
Open Â· Closes 5â€¯PM Â· 98"
"CA Prism Center of Learning College, Pokhara , Nepal",https://www.facebook.com/prismcenteroflearning/,srb.amit@gmail.com,061-587649,https://maps.app.goo.gl/EY6ddSh7RQ42NtLS7,"CA Prism Center of Learning College, Pokhara , Nepal
4.7
Chartered accountant Â· ï•Š Â· New Rd
Open Â· Cl"
"N.Khanal & Associates, Chartered Accountants",,,986-9008073,https://maps.app.goo.gl/mHA66Dsznpp1vSVE6,"N.Khanal & Associates, Chartered Accountants
5.0
Auditor
Open Â· Closes 5â€¯PM Â· 986-9008073
î”®
Directio"
"Adarsha & Associates, Chartered Accountants",,,061-523784,https://maps.app.goo.gl/erXgYEDC5NxTBYHV6,"Adarsha & Associates, Chartered Accountants
5.0
Auditor Â· New Rd
Open Â· Closes 5:30â€¯PM Â· 061-523784
"
Precise Tax and Business Solution,https://precise.my.canva.site/,precisetax.soln@gmail.com,980-1569692,https://maps.app.goo.gl/QsV5fLP4jmKziDaF7,"Precise Tax and Business Solution
4.3
Tax consultant Â· 6X7G+Q9X
Open 24 hours Â· 980-1569692
î ‹
Websit"
"The Institute of Chartered Accountants of Nepal, Pokhara Branch",,,061-587679,https://maps.app.goo.gl/Pr4y2xRMmGuY9nhd9,"The Institute of Chartered Accountants of Nepal, Pokhara Branch
4.9
Non-profit organization Â· 6X8Q+9"
P. Sandeep & Associates,,,985-1203432,https://maps.app.goo.gl/jSp79uZ8wMtiaT2T8,"P. Sandeep & Associates
No reviews
Certified public accountant Â· 6X6F+HHH, Sugam Marga
Open Â· Closes"
S.R. Baral And Company,,,985-6024611,https://maps.app.goo.gl/dczn3nwi9hfdpzZt8,"S.R. Baral And Company
5.0
Auditor Â· 8 New Rd
Open now Â· 985-6024611
î”®
Directions"
Global Institute of Professional Accountancy,,,061-540432,https://maps.app.goo.gl/achsmnujNESVzUxG9,"Global Institute of Professional Accountancy
1.0
Accounting firm Â· 6X7C+MVG
Open Â· Closes 6â€¯PM Â· 061"
Help Nepal Tax consultancy,,,985-6039240,https://maps.app.goo.gl/VknL1h3jqBooEYpM8,"Help Nepal Tax consultancy
5.0
Accounting firm Â· 6XGQ+GQV
Open Â· Closes 6â€¯AM Wed Â· 985-6039240
î”®
Dir"
"S.L.M. & Associates, Chartered Accountants",,,985-6084108,https://maps.app.goo.gl/C2V7NCmj6v8uoRC59,"S.L.M. & Associates, Chartered Accountants
No reviews
Accounting firm Â· Prem Marga
Open Â· Closes 6â€¯P"
Karuna Management Services(KMS),https://www.facebook.com/Karuna-Management-Services-104739575459947/,,985-6049518,https://maps.app.goo.gl/2qU5aKjmxX1wtWtL7,"Karuna Management Services(KMS)
5.0
Accounting firm Â· Nayabazar Rd
Open Â· Closes 5â€¯PM Â· 985-6049518
"
TFP CONSULTANT,,,984-4912411,https://maps.app.goo.gl/doPQA1KvKDTZiSMo7,"TFP CONSULTANT
No reviews
Accounting firm Â· 5 Pokhara-Baglung Hwy
Open Â· Closes 5â€¯PM Â· 984-4912411
î”®"
"Pokhara -10 ,Ramghat",,,986-9008073,https://maps.app.goo.gl/ctPXJn3Adaj3t4Ly9,"Pokhara -10 ,Ramghat
No reviews
Certified public accountant Â· 10 Prithvi Rajmarg
Open Â· Closes 12â€¯AM"
Fewa Corporate Accounting & Tax Solution Pvt.Ltd..,,,985-6055843,https://maps.app.goo.gl/ZtWDu2RXUrMnMDSVA,"Fewa Corporate Accounting & Tax Solution Pvt.Ltd..
No reviews
Tax consultant Â· 6X6M+WFC, Sabhagriha "
"P.M. Bhandari & Associates, Chartered Accountants",,,985-6075608,https://maps.app.goo.gl/zoqV3YjQBBmvFQuR9,"P.M. Bhandari & Associates, Chartered Accountants
No reviews
Financial audit Â· Parsyang, Pokhara-5
O"
"KUS & Associates, Chartered Accountants",,,985-1188058,https://maps.app.goo.gl/9cczbQT3jbe5WSo9A,"KUS & Associates, Chartered Accountants
No reviews
Auditor Â· 6XCM+2FW, Ganeshman Sinha Maarga
Open Â·"
BK Agrawal & Co.,https://www.crowe.com/np,,01-4581865,https://maps.app.goo.gl/wuz7hW1PTdFHcLW48,"BK Agrawal & Co.
4.8
Accounting firm Â· î¤´ Â· P87R+73G 122, ""Saraswati Vatika, 7 Ward
Open Â· Closes 6â€¯P"
"GFCS Corporate Advisors à¥¤ Account, Audit, Tax, Legal",https://gfcsnepal.com/,gfcs.nil@gmail.com,980-2360825,https://maps.app.goo.gl/7P8XsJpKcVNGnUc59,"GFCS Corporate Advisors à¥¤ Account, Audit, Tax, Legal
4.8
Accounting firm Â· Swatantra Marg
Open Â· Clo"
Smart Accounting Pvt. Ltd,http://smartaccounting.com.np/,contact@smartaccounting.com.np,980-3529041,https://maps.app.goo.gl/ztfiTiMayorpVvJd7,"Smart Accounting Pvt. Ltd
4.9
Accounting firm Â· Kareshwor Marga
Open Â· Closes 5â€¯PM Â· 980-3529041
î ‹
W"
G Sigdel & Co,,,,https://maps.app.goo.gl/fuHmBCat6qnNm5Mu6,"G Sigdel & Co
No reviews
Accounting firm Â· 83 BP marg
Open Â· Closes 6â€¯PM
î”®
Directions"
NBSM & Associates,http://www.nbsm.com.np/,info@nbsm.com.np,01-4533069,https://maps.app.goo.gl/v5BxG4TxpzTCwu7v8,"NBSM & Associates
4.6
Accounting firm
Open Â· Closes 6â€¯PM Â· 01-4533069
î ‹
Website
î”®
Directions"
"Joshi & Bhandary, Chartered Accountants (After merging with Bidur Associates, Chartered Accountants)",http://www.jb.com.np/,jb@jb.com.np,985-1238754,https://maps.app.goo.gl/pHUmYwfYUqkG55zR6,"Joshi & Bhandary, Chartered Accountants (After merging with Bidur Associates, Chartered Accountants)"
S. R. Pandey & Company,,,01-2104600,https://maps.app.goo.gl/h3R5kJNLvucBAxHY7,"S. R. Pandey & Company
4.8
Chartered accountant Â· Nabil Galli
Open Â· Closes 5:35â€¯PM Â· 01-2104600
î”®
D"
Entrepreneurs Accountants,https://entrepreneursaccountants.com/,info@entrepreneursaccountants.com,974-9821936,https://maps.app.goo.gl/Lg6N5NbHLa7eD2YG9,"Entrepreneurs Accountants
4.5
Accountant Â· Basantagar, Machhapokhari
Open Â· Closes 5:30â€¯PM Â· 974-982"
à¤•à¤° à¤¸à¤‚à¤¸à¤¾à¤°,https://www.karsansar.com/,info@karsansar.com,981-3251325,https://maps.app.goo.gl/dA21RhU52sHC55aHA,"à¤•à¤° à¤¸à¤‚à¤¸à¤¾à¤°
4.9
Corporate office
Open Â· Closes 6â€¯PM Â· 981-3251325
î ‹
Website
î”®
Directions"
Bhanu Poudel & Associates,http://www.bpaca.com.np/,bhanu@bpaca.com.np,984-1986326,https://maps.app.goo.gl/Dbf6npDt2ECK1RLD9,"Bhanu Poudel & Associates
5.0
Certified public accountant Â· Manohar Awas Chetra, Tokha
Open Â· Closes"
SAR Associates,http://www.sar.com.np/,info@sar.com.np,01-4420807,https://maps.app.goo.gl/f922Vbpi3qqrvNAH9,"SAR Associates
4.3
Tax preparation service Â· î¤´ Â· 64 Bishal Basti ""Ka
Open Â· Closes 6â€¯PM Â· 01-4420807"
P. L. Shrestha & Co.,http://pls.com.np/,info@pls.com.np,01-4720983,https://maps.app.goo.gl/wN43pfM4s46gNKSj8,"P. L. Shrestha & Co.
5.0
Accounting firm Â· Nabil Galli
Open Â· Closes 5:30â€¯PM Â· 01-4720983
î ‹
Website
"
PAUDYAL PRAJWAL & ASSOCIATES,,,985-6042522,https://maps.app.goo.gl/wHWq9nJSQFTfE4XXA,"PAUDYAL PRAJWAL & ASSOCIATES
5.0
Certified public accountant Â· 100, Khorelthar
Open Â· Closes 7â€¯PM Â· "
S. Rajan Associates,https://www.srajan.com.np/,contact@srajan.com.np,984-5610518,https://maps.app.goo.gl/8UfNpYrrvq2Ugs38A,"S. Rajan Associates
5.0
Chartered accountant Â· Near Brahm Chowk, Murli Bagaicha Infront of NINOS Sch"
"B Aryal & Associates, Chartered Accountants",http://baryal.com.np/,,985-1319293,https://maps.app.goo.gl/3mKrcn9YD1hPTsdFA,"B Aryal & Associates, Chartered Accountants
5.0
Auditor Â· Fifth Floor, Muktinath Dev Bank Building, "
Bhuwan Khadka & Associates Chartered Accountants,,,985-6075755,https://maps.app.goo.gl/xvihXBDLJffqrTUg7,"Bhuwan Khadka & Associates Chartered Accountants
5.0
Auditor
Open 24 hours Â· 985-6075755
î”®
Direction"
Gateway Accounting Services,http://gatewayaccountings.com/,webmaster@gatewayaccountings.com,980-6132666,https://maps.app.goo.gl/7Dfk3mDQ57ijG3a96,"Gateway Accounting Services
4.2
Certified public accountant Â· Kageswori Manohara-8
Open Â· Closes 9â€¯P"
"G. P. Rajbahak & Co., Chartered Accountants",http://www.gpr.com.np/,info@gpr.com.np,01-4224111,https://maps.app.goo.gl/ZEMZQYmcWhYdn79v6,"G. P. Rajbahak & Co., Chartered Accountants
4.5
Business management consultant Â· ï•Š
Open Â· Closes 6â€¯P"
Meta Accountancy Pvt. Ltd,,,,https://maps.app.goo.gl/AxWTDVJtpiuVkPi68,"Meta Accountancy Pvt. Ltd
5.0
Accounting firm Â· behind Radisson Hotel, Nava Marg
Open Â· Closes 7â€¯PM
"
Sona Accounting and Auditing Standards Pvt. Ltd,https://saasnepal.co/,,984-5122260,https://maps.app.goo.gl/wwCmDM4PhavbwZ1x9,"Sona Accounting and Auditing Standards Pvt. Ltd
5.0
Accounting firm Â· 2nd floor, Province 02, Rungta"
PKF T. R. Upadhya & Co.,http://pkf.trunco.com.np/,trunco@ntc.net.np,01-4410927,https://maps.app.goo.gl/iFQ9kb8J85Ry5Mpm6,"PKF T. R. Upadhya & Co.
3.9
Accountant Â· î¤´ Â· 124 Lal Colony Marga
Open Â· Closes 5â€¯PM Â· 01-4410927
î ‹
"
fresh accounting nepal,https://www.freshaccounting.biz/,hello@freshaccounting.biz,+852-229-508,https://maps.app.goo.gl/EzpogYECqFi6b6kX6,"fresh accounting nepal
No reviews
Accounting firm Â· 4th Floor, 31, 146 Janasahayogi Margh
Open Â· Clo"
"AUDIT FIRM , C.A. SUBHASH KHANDELWAL",http://www.sknco.com.np/,,051-528647,https://maps.app.goo.gl/3H5kGPByq9dSzmcw7,"AUDIT FIRM , C.A. SUBHASH KHANDELWAL
5.0
Corporate office Â· 2V6H+736, Street Number 2
Open Â· Closes "
Royal Accounting & Consulting P. Ltd.,http://www.rolacon.com/,info@rolacon.com,25202025,https://maps.app.goo.gl/ZeKZMT3AnceK3Zna8,"Royal Accounting & Consulting P. Ltd.
4.9
Auditor Â· ï•Š Â· MFC8+C5F
Open Â· Closes 5â€¯PM
î ‹
Website
î”®
Dire"
ğ—”ğ—»ğ—¶ğ—¹ ğ—ğ˜‚ğ—ºğ—®ğ—¿ ğ—§ğ˜‚ğ—¹ğ˜€ğ˜†ğ—®ğ—» & ğ—–ğ—¼ ğ—Ÿğ—Ÿğ—£- Certified Chartered Accountants Firm in Varanasi,http://www.caakt.com/,tulsyanvns2@gmail.com,+91 94152 0224,https://maps.app.goo.gl/tGPkLaZVpe8JjqjeA,"ğ—”ğ—»ğ—¶ğ—¹ ğ—ğ˜‚ğ—ºğ—®ğ—¿ ğ—§ğ˜‚ğ—¹ğ˜€ğ˜†ğ—®ğ—» & ğ—–ğ—¼ ğ—Ÿğ—Ÿğ—£- Certified Chartered Accountants Firm in Varanasi
4.9
Accounting firm Â· "
RajMS & Co;,,,01-5260999,https://maps.app.goo.gl/tnj4LFUDFBSJ8R9R8,"RajMS & Co;
4.5
Auditor Â· Mitra Road, C-11, Chakupat-10, Lalitpur
Open Â· Closes 5â€¯PM Â· 01-5260999
î”®
"
B & K Associates,,,,https://maps.app.goo.gl/iHCUT7au5R5EXHxk7,"B & K Associates
5.0
Chartered accountant Â· M8WJ+V78
Open Â· Closes 6â€¯PM
î”®
Directions"
Matrix Accounting Consultancy,,,982-5637632,https://maps.app.goo.gl/bmchnodGyYkP6iCe6,"Matrix Accounting Consultancy
5.0
Accounting firm Â· Shanti Binayak Marg
Open Â· Closes 7â€¯PM Â· 982-563"
N. Amatya & Co.,,,01-4010660,https://maps.app.goo.gl/82owXvbheBSSDzDr6,"N. Amatya & Co.
4.8
Chartered accountant Â· ï•Š Â· House no. 409, P8RF+R8Q Indrapuri Colony
Open Â· Close"
Guru & Associates,https://guruandassociates.com/,guruandassociates01@gmail.com,986-8200880,https://maps.app.goo.gl/W7pQcJEtroZ9X3Ky5,"Guru & Associates
5.0
Auditor Â· gayatri mandir, Aadarsha Marga
Open Â· Closes 5:30â€¯PM Â· 986-8200880
î ‹"
Nepal Accountancy Company Pvt. Ltd.,,,01-4532562,https://maps.app.goo.gl/5QqQhkHcMrCT63nM9,"Nepal Accountancy Company Pvt. Ltd.
4.3
Accounting firm Â· Kandevtathan
Open Â· Closes 5â€¯PM Â· 01-45325"
Bijay S. Parajuli Associates,,,985-1275295,https://maps.app.goo.gl/DNPbcCScAeDu9H9h8,"Bijay S. Parajuli Associates
5.0
Accounting firm Â· M8PX+Q4H
Open Â· Closes 5â€¯PM Â· 985-1275295
î”®
Direc"
K. K. Outsourcing Pvt Ltd,https://kko.com.np/,info@kko.com.np,963942747602,https://maps.app.goo.gl/H592XsadLS1nvXQq7,"K. K. Outsourcing Pvt Ltd
5.0
Accounting firm Â· Rudra Mati Marg
Open Â· Closes 6â€¯PM
î ‹
Website
î”®
Direc"
SS Account & Tax Consultant,,,982-0939101,https://maps.app.goo.gl/FNttGauQEGZ6fyHq5,"SS Account & Tax Consultant
5.0
Accountant Â· Near
Open Â· Closes 5â€¯PM Â· 982-0939101
î”®
Directions"
Suvod Associates,http://www.suvodassociates.com.np/,info@suvodassociates.com,01-5242214,https://maps.app.goo.gl/18gwxZz3y31Ts2YS7,"Suvod Associates
4.3
Tax attorney Â· î¤´ Â· Ganesh Marga
Open Â· Closes 5:30â€¯PM Â· 01-5242214
î ‹
Website
î”®
"
CA Amresh Pande & Co.- Chartered Accountant/Income Tax/GST Consultant/Company Formation/Best CA in Faizabad,https://caamreshpandeandco.in/,caamreshpandeandco@gmail.com,+91 82994 7791,https://maps.app.goo.gl/GJ9CMFN8WRBv4VMA6,CA Amresh Pande & Co.- Chartered Accountant/Income Tax/GST Consultant/Company Formation/Best CA in F
CA firm Mukesh Raj & co.,http://www.mukeshraj.com/,mukesh@mukeshraj.com,+91 99354 1704,https://maps.app.goo.gl/JijAfJAmEigpmQVi9,"CA firm Mukesh Raj & co.
4.9
Certified public accountant Â· 215, 2nd Floor, Prince Complex, Naval Kis"
Audit firm,,,980-2360823,https://maps.app.goo.gl/3xuXb1JjNqUZypfd7,"Audit firm
5.0
Financial audit Â· P7FX+M7R, Swatantra Marg
Open 24 hours Â· 980-2360823
î”®
Directions"
Best Tax & Accounting Management,https://docs.google.com/forms/d/e/1FAIpQLScV1al_2qBodb3eu5IVMgf3GWp4vGRl1VuJj9KFZgLQ6RTczA/viewform?usp=header,,981-9756332,https://maps.app.goo.gl/HGQ7tBm7zJeDx4fj6,"Best Tax & Accounting Management
5.0
Accounting firm
Open Â· Closes 7â€¯PM Â· 981-9756332
î ‹
Website
î”®
Di"
M Pokharel & Associates,,,980-3932807,https://maps.app.goo.gl/55Hb9LBdn4m5Xjyt7,"M Pokharel & Associates
5.0
Auditor
Open Â· Closes 6â€¯PM Â· 980-3932807
î”®
Directions"
G R and Associates,https://www.facebook.com/profile.php?id=100086212285696,,01-5158163,https://maps.app.goo.gl/QSQcs96nPMZt8gQY9,"G R and Associates
4.8
Accounting firm Â· 11 Baniyatar Rd
Open 24 hours Â· 01-5158163
î ‹
Website
î”®
Dire"
à¤¨à¥‡à¤ªà¤¾à¤² à¤šà¤¾à¤°à¥à¤Ÿà¤°à¥à¤¡ à¤à¤•à¤¾à¤‰à¤¨à¥à¤Ÿà¥‡à¤¨à¥à¤¸ à¤¸à¤‚à¤¸à¥à¤¥à¤¾,https://ican.org.np/,goma@ican.org.np,5430730,https://maps.app.goo.gl/sxbH5UorDtT6F1idA,"à¤¨à¥‡à¤ªà¤¾à¤² à¤šà¤¾à¤°à¥à¤Ÿà¤°à¥à¤¡ à¤à¤•à¤¾à¤‰à¤¨à¥à¤Ÿà¥‡à¤¨à¥à¤¸ à¤¸à¤‚à¤¸à¥à¤¥à¤¾
4.2
Open Â· Closes 5â€¯PM
î ‹
Website
î”®
Directions"
Aayam Business Advisory and Consultant Pvt. Ltd.,,,986-3589543,https://maps.app.goo.gl/AMT7Ea3eKKrzaRDh8,"Aayam Business Advisory and Consultant Pvt. Ltd.
5.0
Accounting firm Â· Balkot-2
Open Â· Closes 9â€¯PM Â·"
K.J. & Associates,http://www.kjassociates.com.np/,info@cajsr.com,525252,https://maps.app.goo.gl/fTksi2SxbhxEWZav9,"K.J. & Associates
4.9
Chartered accountant Â· ï•Š Â· Pulchowk Rd
Open Â· Closes 5â€¯PM
î ‹
Website
î”®
Directio"
All Accounting Solutions,,,984-3771785,https://maps.app.goo.gl/hAXqdqKupPWpNkhm9,"All Accounting Solutions
5.0
Accounting firm Â· JGP9+5XX
Open 24 hours Â· 984-3771785
î”®
Directions"
Nepal Accounting and Management Services Pvt.Ltd.,,,985-1126545,https://maps.app.goo.gl/gFDH7DWsx5AnzgyXA,"Nepal Accounting and Management Services Pvt.Ltd.
5.0
Accounting firm Â· M8MQ+H78, Shrinagar Madhya M"
J.B. Rajbhandary & DiBins,http://www.jbrdibins.com.np/,info@jbrdibins.com.np,01-5347177,https://maps.app.goo.gl/5dZ3VULPDJG7kMcc9,"J.B. Rajbhandary & DiBins
3.7
Certified public accountant Â· ï•Š Â· Ward No.5, 181 Kumaripati Jagannath "
Global Accounting & Tax Consultancy Pvt. Ltd.,,,986-1193394,https://maps.app.goo.gl/5NmYGhgNAAXz8Yzc8,"Global Accounting & Tax Consultancy Pvt. Ltd.
5.0
Accounting firm
Open Â· Closes 7â€¯PM Â· 986-1193394
î”®"
SDR Associates,http://sdr.com.np/,sdr@sdr.com.np,01-5350625,https://maps.app.goo.gl/KCjJ2ahqjCyG6fkQA,"SDR Associates
5.0
Accounting firm Â· Madan Bhandari Road
Open Â· Closes 5â€¯PM Â· 01-5350625
î ‹
Website
î”®"
Accounting firm in Nepal,https://taxconsultantnp.com/,,980-2360821,https://maps.app.goo.gl/KxkXNwYzaKdf1paL7,"Accounting firm in Nepal
4.5
Accounting firm Â· P7FX+P7G
980-2360821
î ‹
Website
î”®
Directions"
"R&P Associates, Chartered Accountants",,,,https://maps.app.goo.gl/gCr6rtzRT4NRCqht7,"R&P Associates, Chartered Accountants
5.0
Chartered accountant Â· M8VQ+7W7, Sangam Chowk Marg
Open Â· "
Advance Accounting & Tax Solution,https://www.aats.com.np/,,01-5970700,https://maps.app.goo.gl/CXz63ayNRhbLEfKa8,"Advance Accounting & Tax Solution
5.0
Tax preparation service Â· ï•Š Â· M8PR+QWW, Shantinagar Gate ,Tink"
CSC & Co.,http://cscnepal.com/,csc@cscnepal.com,01-4004580,https://maps.app.goo.gl/Kh12RcV669YeBx458,"CSC & Co.
5.0
Certified public accountant Â· P88H+XC7 175 Mahamati Bhawan, Gairidhara Marg
Open Â· Clo"
"Shankar Associates, Chartered Accountants",http://www.saca.com.np/,info@saca.com.np,984-1409889,https://maps.app.goo.gl/PixCg6JLULtLgPU18,"Shankar Associates, Chartered Accountants
4.3
Chartered accountant
Open Â· Closes 6â€¯PM Â· 984-1409889
"
Subhash & Co,http://snco.com.np/,info@snco.com.np,01-4597223,https://maps.app.goo.gl/Y47mSyniGLagRwCM7,"Subhash & Co
4.5
Accountant Â· P82P+G9W, Tanka Prasad Marg
Open Â· Closes 6â€¯PM Â· 01-4597223
î ‹
Website
"
Bhrikuti Advisors [Accountants],https://bhrikutiadvisors.com/,contact@bhrikutiadvisors.com,100 100,https://maps.app.goo.gl/MFiY1jd9M5pCwKaa8,"Bhrikuti Advisors [Accountants]
5.0
Accounting firm Â· Tara Marg
Open Â· Closes 8â€¯PM
î ‹
Website
î”®
Direc"
"YBS & Associates, Chartered Accountants, Butwal",,,985-1125753,https://maps.app.goo.gl/GeHJ43md6CHA7HRQ8,"YBS & Associates, Chartered Accountants, Butwal
4.9
Certified public accountant Â· Aawash Path
Open Â·"
Advocate Ganesh Bahadur Thapa,http://www.ganeshthapa.com/,,976-2566992,https://maps.app.goo.gl/KM51moMaNG4pHYdF7,"Advocate Ganesh Bahadur Thapa
5.0
Lawyer Â· Between, Barahi chwok
Open Â· Closes 12â€¯AM Â· 976-2566992
î ‹"
Real Accounting Solutions Pvt. Ltd.,https://www.facebook.com/profile.php?id=100067403100491,,974-2913625,https://maps.app.goo.gl/hViedgBh1pWEiuJj6,"Real Accounting Solutions Pvt. Ltd.
No reviews
Accounting firm
Open Â· Closes 5â€¯PM Â· 974-2913625
î ‹
We"
"S&S Associates,Chartered Accountants",,,01-4796303,https://maps.app.goo.gl/uFdZHnHS2SUxmhzt6,"S&S Associates,Chartered Accountants
3.9
Accounting firm Â· Danphe Chari Marg
Open Â· Closes 5â€¯PM Â· 01"
Accounting and financial solution Pvt Ltd,,,985-1055536,https://maps.app.goo.gl/BZ2cLr2WP8xMiF798,"Accounting and financial solution Pvt Ltd
4.0
Accounting firm Â· M8RH+XQ6, à¤­à¤•à¥à¤¤à¤¿ à¤¥à¤¾à¤ªà¤¾ à¤¸à¤¡à¤•
Open Â· Clos"
S.K. SAH & ASSOCIATES,,,982-5256642,https://maps.app.goo.gl/L3e2FgbAKmHjgWwu6,"S.K. SAH & ASSOCIATES
5.0
Certified public accountant Â· 14 à¤•à¤²à¤‚à¤•à¥€
Open Â· Closes 5â€¯PM Â· 982-5256642
î”®
"
Skp Audit Office,,,985-7016001,https://maps.app.goo.gl/WT2NRyHrVLuPv3cf7,"Skp Audit Office
4.5
Accounting firm Â· Anandbag Near Radha Krishna Mandir
Open Â· Closes 5â€¯PM Â· 985-7"
"SBKC & Associates, Chartered Accountants",http://www.sbkcassociates.com.np/,info@sbkcassociates.com.np,980-1117140,https://maps.app.goo.gl/UYp6FCAY3DevkjSLA,"SBKC & Associates, Chartered Accountants
5.0
Auditor Â· 80 metres east to Pulchowk Engineering Campus"
"S.S.A. Associates, Chartered Accountants",http://ssanepal.com/,hr@ssanepal.com,01-5359874,https://maps.app.goo.gl/eBmHUJLk1PHrENxEA,"S.S.A. Associates, Chartered Accountants
5.0
Accounting firm Â· Sama Marga
Open Â· Closes 5â€¯PM Â· 01-53"
Poshak & Company,,,01-4596551,https://maps.app.goo.gl/WaE5TgBSx8brrByH7,"Poshak & Company
5.0
Accounting firm Â· chabahil Opposite of pashupati Multiple Campus
Open now Â· 01-"
"Manavi Legal Associates, Pokhara",,,986-7255516,https://maps.app.goo.gl/8SKPDDrgTV9pbGXeA,"Manavi Legal Associates, Pokhara
5.0
Law firm
Open Â· Closes 5â€¯PM Â· 986-7255516
î”®
Directions"
Shrestha R & Associates,,,984-1143727,https://maps.app.goo.gl/eGmQkpuBzKi28bw47,"Shrestha R & Associates
4.6
Business management consultant Â· Gokarneshwor Municipality 06
Open Â· Clo"
AB & Associates,https://abassociates.com.np/,info.abnca@gmail.com,01-4770528,https://maps.app.goo.gl/nJaLhchryEho4cXDA,"AB & Associates
4.8
Financial consultant Â· ï•Š Â· Autoland Building, 2nd Floor
Open Â· Closes 6â€¯PM Â· 01-"
Aryal Sunil Associates,http://www.asa.com.np/,,01-4530002,https://maps.app.goo.gl/2q8kkC5KTMRHiiHc9,"Aryal Sunil Associates
5.0
Auditor
Open Â· Closes 6:30â€¯PM Â· 01-4530002
î ‹
Website
î”®
Directions"
"Ashish B. & Associates, Chartered Accountants",,,985-1335731,https://maps.app.goo.gl/GaJ18iDN2N6H1PKd8,"Ashish B. & Associates, Chartered Accountants
5.0
Certified public accountant Â· 6th Floor, Krishna B"
D.R.Pandey & Co,,,985-1231047,https://maps.app.goo.gl/KHN7FR1TfULM6ETG6,"D.R.Pandey & Co
5.0
Accounting firm Â· P84H+75Q
Open Â· Closes 5:15â€¯PM Â· 985-1231047
î”®
Directions"
G. Prakash & Associates,https://gpanepal.com/,,980-1079744,https://maps.app.goo.gl/1SvSViYcd44eVpXg9,"G. Prakash & Associates
5.0
Certified public accountant
Open Â· Closes 6â€¯PM Â· 980-1079744
î ‹
Website
î”®"
S and P Accountancy,,,981-6409084,https://maps.app.goo.gl/XAZbbbR3pVdSXyEJ6,"S and P Accountancy
3.7
Accounting firm Â· MFJ8+9GH 11 IRD
Open Â· Closes 5â€¯PM Â· 981-6409084
î”®
Directi"
Sparkle ABC,,,986-0009866,https://maps.app.goo.gl/tcQXRntvWGobfdbX7,"Sparkle ABC
5.0
Accounting firm Â· P88F+VHW Pepsicola Jadibuti to Pepsicola
Open Â· Closes 5â€¯PM Â· 986-"
Sathi Accounting & Tax Solution Pvt.Ltd.,,,984-3196731,https://maps.app.goo.gl/ovZbgfgeHnGdbgPX8,"Sathi Accounting & Tax Solution Pvt.Ltd.
5.0
Financial audit
Open Â· Closes 5â€¯PM Â· 984-3196731
î”®
Dire"
H. L. Sapkota & Co.,,,984-1442449,https://maps.app.goo.gl/E37u52dyq1HaUGdx8,"H. L. Sapkota & Co.
5.0
Certified public accountant Â· P94V+565
Open Â· Closes 5â€¯PM Â· 984-1442449
î”®
Di"
"A.B.S. & Associates, Chartered Accountants",http://www.absa.com.np/,info@absa.com.np,01-4423013,https://maps.app.goo.gl/d1SSSpSZpkAARQeh7,"A.B.S. & Associates, Chartered Accountants
4.0
Chartered accountant Â· ï•Š Â· Banshidhar Marg
Open Â· Clo"
"NK Joshi & Co., Chartered Accountants",http://www.nkjoshi.com.np/,,01-4544251,https://maps.app.goo.gl/C94Diynbr4odjGG56,"NK Joshi & Co., Chartered Accountants
4.3
Corporate office Â· P86H+47F, Thirbum Marg
Open Â· Closes 5â€¯"
TR & Associates,,,,https://maps.app.goo.gl/zJqwTjtQ9M8zrTw66,"TR & Associates
No reviews
Accounting firm Â· M986+7QR
Open 24 hours
î”®
Directions"
RPB & Associates,,,01-4433221,https://maps.app.goo.gl/ReoNHJ38vBMg3Wrp7,"RPB & Associates
4.3
Accountant Â· 6th Floor, Sunrise Bizz Plaza, à¤šà¤¾à¤°à¤–à¤¾à¤² à¤°à¥‹à¤¡
Open Â· Closes 5:30â€¯PM Â· "
KN Khanal & Associates-Audit Firm,,,985-1027484,https://maps.app.goo.gl/7Xv91ux1VQteHjLu9,"KN Khanal & Associates-Audit Firm
No reviews
Accounting firm Â· M984+J5X
Open 24 hours Â· 985-1027484
"
Audit Firm { Pardip Sharma},,,,https://maps.app.goo.gl/5wK5m7Hka3SewihB9,"Audit Firm { Pardip Sharma}
No reviews
Accounting firm Â· F73M+2VJ
Open Â· Closes 6â€¯PM
î”®
Directions"
"MRU Associates, Chartered Accountants",http://www.mruassociates.com/,info@mruassociates.com,01-4955507,https://maps.app.goo.gl/8edtLavGkCe8765w7,"MRU Associates, Chartered Accountants
5.0
Accounting firm
Open Â· Closes 5â€¯PM Â· 01-4955507
î ‹
Website
"
Help Nepal Tax consultancy,,,061-525860,https://maps.app.goo.gl/YvcVbYZ82jbxHF199,"Help Nepal Tax consultancy
5.0
Accounting firm Â· 6XGQ+GQV
Open Â· Closes 6â€¯AM Wed Â· 985-6039240
î”®
Dir"
Bibek Shrestha & Associates,http://fb.me/bsapokhara,palina.sts@gmail.com,061-417045,https://maps.app.goo.gl/97bqgjysU6j2rvQn6,"Bibek Shrestha & Associates
5.0
Corporate office
Closed Â· Opens 10â€¯AM Wed Â· 061-417045
î ‹
Website
î”®
D"
PuranoBooks,,,961-1055595,https://maps.app.goo.gl/rXbcrLcX25gxAipJ8,"PuranoBooks
4.9
Bookkeeping service Â· 6X8Q+MQF
Closed Â· Opens 10â€¯AM Wed Â· 961-1055595
î”®
Directions"
Manakamana Accounting And Tax Service,,,981-5148379,https://maps.app.goo.gl/cir94S5dXMd8FEr46,"Manakamana Accounting And Tax Service
5.0
Tax preparation service Â· Milanchowk
Closed Â· Opens 9â€¯AM W"
P. ASHUTOSH & CO. - (Chartered Accountants),,,,,"P. ASHUTOSH & CO. - (Chartered Accountants)
4.8
Accounting firm Â· 9,UGF, GOVIND COMPLEX, Geeta Vatik"
"CA in Motihari , K B SAH & ASSOCIATES (CA Firm),",,,+91 88821 8389,https://maps.app.goo.gl/yjJ732EitPuEqAyU6,"CA in Motihari , K B SAH & ASSOCIATES (CA Firm),
5.0
Certified public accountant Â· Shop No.18, Zila "
Prem Accounting & Tax Consulting Services / Complete Tax Solution,,,984-2608743,,"Prem Accounting & Tax Consulting Services / Complete Tax Solution
5.0
Accounting firm Â· Chitahi Shuk"
Accountika Solution,http://accountika.com.np/,,01-5362890,https://maps.app.goo.gl/HfsNcZqSDk8XCxfD6,"Accountika Solution
5.0
Accounting firm Â· ï•Š Â· P876+JJG Shar Minub, Kathmandu, Narsingh Chowk Marg
Cl"
Taxanomic - All Tax and Accounting Services,,,984-5852050,https://maps.app.goo.gl/npSo29VKwqWjJ5Ax5,"Taxanomic - All Tax and Accounting Services
5.0
Accounting firm
Open 24 hours Â· 984-5852050
î”®
Direct"
"CA in Motihari, Ravi Jha & Company (CA Firm)",,,+91 79824 1652,https://maps.app.goo.gl/ZzcVu1PT7tCP3SoP6,"CA in Motihari, Ravi Jha & Company (CA Firm)
5.0
Certified public accountant Â· Chandmari Ward No-25,"
Apna Consultant | Your Apna Accounting Firm,https://apnaconsultant.in/,,+91 83180 9427,,"Apna Consultant | Your Apna Accounting Firm
5.0
Accounting firm Â· Flat No. 301, 3rd Floor, Orchid St"
Three R.C. Financial and Management Consultancy & Training Company,https://threercaccounting.com/,chhabi_richa@hotmail.com,984-1144636,https://maps.app.goo.gl/DBeheoVaCd2p7D8s7,"Three R.C. Financial and Management Consultancy & Training Company
5.0
Accounting firm Â· Opposite of"
Mainuddin Accounting Center,,,984-5603067,https://maps.app.goo.gl/Vb58k9BvcN9SZh2V7,"Mainuddin Accounting Center
5.0
Accounting firm Â· 2X7X+HM4, Rangpur
984-5603067
î”®
Directions"
Bhaktapur Accounting Consultancy Pvt. Ltd.,,,980-4895966,https://maps.app.goo.gl/yPWpCrE7pwGUT31M8,"Bhaktapur Accounting Consultancy Pvt. Ltd.
No reviews
Accounting firm Â· MC96+W66
Closed Â· Opens 9:30"
Complete Accounting & Taxation Solution Pvt. Ltd.,,,,https://maps.app.goo.gl/rytxShVnbwKUrjJX9,"Complete Accounting & Taxation Solution Pvt. Ltd.
No reviews
Accounting firm Â· Benighat Rorang -3
î”®
"
S A Office,,,980-2688070,https://maps.app.goo.gl/YNUkwQXbxsbkmbdc8,"S A Office
5.0
Accounting firm
Open 24 hours Â· 980-2688070
î”®
Directions"
Valley Business Solution,,,985-1108932,https://maps.app.goo.gl/EVSJuiKWsb3AsTzr5,"Valley Business Solution
5.0
Accounting firm Â· P8M8+P9C, Samakhushi - Ranibari Rd
Open Â· Closes 5â€¯AM"
B Bastola & Associate ( Narendra Bastola),https://www.facebook.com/narendrabastola,,985-6030059,https://maps.app.goo.gl/4yhzUZYNqRoqFf1TA,"B Bastola & Associate ( Narendra Bastola)
No reviews
Auditor Â· Shishuwa Deurali Khola Marga
Open 24 "
fresh accounting nepal,https://www.freshaccounting.biz/,,,https://maps.app.goo.gl/UFLbbCEAJnMNMH2z8,"fresh accounting nepal
No reviews
Accounting firm Â· 4th Floor, 31, 146 Janasahayogi Margh
Closed Â· O"
Four Ace Business Solutions,http://www.fourace.com.np/,info@fourace.com.np,984-1607202,https://maps.app.goo.gl/sjAot3qCwpom8z1s9,"Four Ace Business Solutions
5.0
Accounting firm
984-1607202
î ‹
Website
î”®
Directions"
Kalika Business Advisors and Navigator Pvt.Ltd,,,985-1332422,https://maps.app.goo.gl/EZ1GXtfs63qazfP18,"Kalika Business Advisors and Navigator Pvt.Ltd
5.0
Accounting firm Â· M7VP+VC2, Ganeshman Singh Path
"
Professional Accounting,,,984-7014527,https://maps.app.goo.gl/JoKgRS1YQLHt2J5p9,"Professional Accounting
No reviews
Accounting firm
Closed Â· Opens 9â€¯AM Wed Â· 984-7014527
î”®
Direction"
"JK & SS Associates, Chartered Accountants",http://jkss.com.np/,info@jkss.com.np,01-4003005,https://maps.app.goo.gl/t2BW3dt2LoiABsrn9,"JK & SS Associates, Chartered Accountants
5.0
Auditor Â· Opposite to Shital Niwas, Narayan Gopal Marg"
B.R Parajuli And Associates,https://www.brpnepal.com/,appsoluteinnovation@gmail.com,01-5705440,https://maps.app.goo.gl/K3h1fPaHQzMeWDZz5,"B.R Parajuli And Associates
4.8
Chartered accountant
01-5705440
î ‹
Website
î”®
Directions"
